{
  "window_id": "u007",
  "gap_center_kj_mol": 250000.0,
  "force_constant_kj_mol2": 1e-09,
  "n_frames": 10,
  "final_step": 1200,
  "final_time_ps": 0.12,
  "proton_transfer_rc_min_nm": 0.1992046149620137,
  "proton_transfer_rc_max_nm": 0.21637017271134001,
  "proton_transfer_positive_frames": 10,
  "reaction_coordinate_ranges_nm": {
    "proton_transfer_rc": [
      0.1992046149620137,
      0.21637017271134001
    ],
    "ring_opening_rc": [
      0.35094075486310783,
      0.3594023648025836
    ]
  },
  "output_dir": "outputs/delta_alpha_gap_native_scan/delta_alpha_p125000/windows/u007"
}