{
  "gap": {
    "frame": 0,
    "step": 0,
    "time_ps": 0.0,
    "energy1_kj_mol": -30840.098380817668,
    "energy2_kj_mol": -3095.740140781363,
    "delta_e_kj_mol": -27744.358240036305,
    "delta_e_shifted_kj_mol": -27744.358240036305,
    "evb_energy_kj_mol": -30840.112798155715,
    "weight1": 0.9999994803511778,
    "weight2": 5.196488221392848e-07
  },
  "distances_nm": {
    "donor_h": 0.10962522519931261,
    "h_acceptor": 0.24825682266556137
  },
  "parameters": {
    "delta_alpha": 0.0,
    "h12": 20.0
  }
}