{
  "reactant_gap_kj_mol": -31400.0,
  "reactant_free_energy_kj_mol": 0.0,
  "product_gap_kj_mol": -21000.0,
  "product_free_energy_kj_mol": 2.2552435740516437,
  "ts_gap_kj_mol": -21800.0,
  "ts_free_energy_kj_mol": 2.932494559180741,
  "barrier_forward_kj_mol": 2.932494559180741,
  "reaction_free_energy_kj_mol": 2.2552435740516437
}