{
  "window_id": "w009",
  "lambda_value": 0.9,
  "n_frames": 60,
  "final_step": 3200,
  "final_time_ps": 0.16,
  "proton_transfer_rc_min_nm": -0.013300950613514856,
  "proton_transfer_rc_max_nm": 0.06547755557166551,
  "proton_transfer_positive_frames": 53,
  "reaction_coordinate_ranges_nm": {
    "proton_transfer_rc": [
      -0.013300950613514856,
      0.06547755557166551
    ],
    "ring_opening_rc": [
      0.23756693315362779,
      0.3021083623272354
    ]
  },
  "output_dir": "outputs/kemp_qm_openmm_mapping_replicates/rep02/windows/w009"
}