{
  "window_id": "u000",
  "gap_center_kj_mol": -50000.0,
  "force_constant_kj_mol2": 1e-09,
  "n_frames": 10,
  "final_step": 1200,
  "final_time_ps": 0.12,
  "proton_transfer_rc_min_nm": -0.1713570579890606,
  "proton_transfer_rc_max_nm": -0.11814774171194703,
  "proton_transfer_positive_frames": 0,
  "reaction_coordinate_ranges_nm": {
    "proton_transfer_rc": [
      -0.1713570579890606,
      -0.11814774171194703
    ],
    "ring_opening_rc": [
      0.1428409405990007,
      0.15031300845218157
    ]
  },
  "output_dir": "outputs/delta_alpha_gap_native_scan/delta_alpha_p0/windows/u000"
}