{
  "window_id": "p003",
  "rc_center_nm": 0.04,
  "force_constant_kj_mol_nm2": 25000.0,
  "n_frames": 40,
  "final_step": 5000,
  "final_time_ps": 0.5,
  "proton_transfer_rc_min_nm": -0.08411878239737053,
  "proton_transfer_rc_max_nm": -0.07505482359356282,
  "proton_transfer_positive_frames": 0,
  "reaction_coordinate_ranges_nm": {
    "proton_transfer_rc": [
      -0.08411878239737053,
      -0.07505482359356282
    ],
    "ring_opening_rc": [
      0.14116638724789243,
      0.15292867935560872
    ]
  },
  "output_dir": "outputs/kemp_qm_ts_seeded_pt_bidirectional/branches/forward/windows/p003"
}