{
  "window_id": "u001",
  "gap_center_kj_mol": 0.0,
  "force_constant_kj_mol2": 1e-09,
  "n_frames": 10,
  "final_step": 300,
  "final_time_ps": 0.03,
  "proton_transfer_rc_min_nm": -0.13535076605743374,
  "proton_transfer_rc_max_nm": -0.10659509330085135,
  "proton_transfer_positive_frames": 0,
  "reaction_coordinate_ranges_nm": {
    "proton_transfer_rc": [
      -0.13535076605743374,
      -0.10659509330085135
    ],
    "ring_opening_rc": [
      0.14363049655919985,
      0.14946869169033788
    ]
  },
  "output_dir": "outputs/kemp_qm_openmm/windows/u001"
}