{
  "window_id": "w004",
  "lambda_value": 0.4,
  "n_frames": 20,
  "final_step": 1100,
  "final_time_ps": 0.055,
  "proton_transfer_rc_min_nm": -0.06724495748249393,
  "proton_transfer_rc_max_nm": -0.008747768525750987,
  "proton_transfer_positive_frames": 0,
  "reaction_coordinate_ranges_nm": {
    "proton_transfer_rc": [
      -0.06724495748249393,
      -0.008747768525750987
    ],
    "ring_opening_rc": [
      0.1817940399015257,
      0.26818801491198263
    ]
  },
  "output_dir": "outputs/kemp_qm_openmm_mapping_calibrated/windows/w004"
}