{
  "window_id": "w005",
  "lambda_value": 0.5,
  "n_frames": 20,
  "final_step": 1100,
  "final_time_ps": 0.055,
  "proton_transfer_rc_min_nm": -0.29207768727954087,
  "proton_transfer_rc_max_nm": 0.3754488210086213,
  "proton_transfer_positive_frames": 10,
  "reaction_coordinate_ranges_nm": {
    "proton_transfer_rc": [
      -0.29207768727954087,
      0.3754488210086213
    ],
    "ring_opening_rc": [
      0.17918790843414134,
      0.37229344452217744
    ]
  },
  "output_dir": "outputs/kemp_qm_openmm_mapping_calibrated/windows/w005"
}