{
  "window_id": "p007",
  "rc_center_nm": 0.088,
  "force_constant_kj_mol_nm2": 25000.0,
  "n_frames": 40,
  "final_step": 5000,
  "final_time_ps": 0.5,
  "proton_transfer_rc_min_nm": -0.07583282764918493,
  "proton_transfer_rc_max_nm": -0.06768881300008085,
  "proton_transfer_positive_frames": 0,
  "reaction_coordinate_ranges_nm": {
    "proton_transfer_rc": [
      -0.07583282764918493,
      -0.06768881300008085
    ],
    "ring_opening_rc": [
      0.14277708135424275,
      0.15336836948589588
    ]
  },
  "output_dir": "outputs/kemp_qm_ts_seeded_pt_bidirectional/branches/forward/windows/p007"
}