frame,step,time_ps,window_id,gap_center_kj_mol,E1_kj_mol,E2_kj_mol,delta_e_kj_mol,delta_e_shifted_kj_mol,Eevb_kj_mol,w1,w2,donor_h,h_acceptor
0,0,0.0,u000,-27744.358240036305,-40626.48527000307,-14014.491362763518,-26611.99390723955,-26611.99390723955,-40626.50030081119,0.9999994351873372,5.648126627511019e-07,0.10885211904789006,0.2556955723429339
1,0,0.0,u000,-27744.358240036305,-40505.92813138968,-15285.103352555076,-25220.824778834605,-25220.824778834605,-40505.94399128926,0.9999993711593582,6.288406417254144e-07,0.10825588539652323,0.25770564642552823
