{
  "window_id": "u003",
  "gap_center_kj_mol": 25000.0,
  "force_constant_kj_mol2": 1e-09,
  "n_frames": 10,
  "final_step": 1200,
  "final_time_ps": 0.12,
  "proton_transfer_rc_min_nm": -0.1639489640840513,
  "proton_transfer_rc_max_nm": -0.13391503541547817,
  "proton_transfer_positive_frames": 0,
  "reaction_coordinate_ranges_nm": {
    "proton_transfer_rc": [
      -0.1639489640840513,
      -0.13391503541547817
    ],
    "ring_opening_rc": [
      0.14358548274253713,
      0.15191595680043346
    ]
  },
  "output_dir": "outputs/delta_alpha_gap_native_scan/delta_alpha_p125000/windows/u003"
}