{
  "window_id": "w007",
  "lambda_value": 0.7,
  "n_frames": 60,
  "final_step": 3200,
  "final_time_ps": 0.16,
  "proton_transfer_rc_min_nm": -0.10425578264365734,
  "proton_transfer_rc_max_nm": 0.10430103718279723,
  "proton_transfer_positive_frames": 39,
  "reaction_coordinate_ranges_nm": {
    "proton_transfer_rc": [
      -0.10425578264365734,
      0.10430103718279723
    ],
    "ring_opening_rc": [
      0.20437908226214696,
      0.2759226500308139
    ]
  },
  "output_dir": "outputs/kemp_qm_openmm_mapping_replicates/rep03/windows/w007"
}