{
  "window_id": "w001",
  "lambda_value": 0.1,
  "n_frames": 20,
  "final_step": 1100,
  "final_time_ps": 0.055,
  "proton_transfer_rc_min_nm": -0.09561306484732279,
  "proton_transfer_rc_max_nm": -0.05272301235416019,
  "proton_transfer_positive_frames": 0,
  "reaction_coordinate_ranges_nm": {
    "proton_transfer_rc": [
      -0.09561306484732279,
      -0.05272301235416019
    ],
    "ring_opening_rc": [
      0.15566963395111527,
      0.2844330753398919
    ]
  },
  "output_dir": "outputs/kemp_qm_openmm_mapping_calibrated/windows/w001"
}