{
  "window_id": "p005",
  "rc_center_nm": 0.064,
  "force_constant_kj_mol_nm2": 25000.0,
  "n_frames": 40,
  "final_step": 5000,
  "final_time_ps": 0.5,
  "proton_transfer_rc_min_nm": 0.08609769484591767,
  "proton_transfer_rc_max_nm": 0.10702469893411957,
  "proton_transfer_positive_frames": 40,
  "reaction_coordinate_ranges_nm": {
    "proton_transfer_rc": [
      0.08609769484591767,
      0.10702469893411957
    ],
    "ring_opening_rc": [
      0.3363989864803027,
      0.3664125797237884
    ]
  },
  "output_dir": "outputs/kemp_qm_ts_seeded_pt_bidirectional/branches/reverse/windows/p005"
}