{
  "window_id": "p002",
  "rc_center_nm": 0.028,
  "force_constant_kj_mol_nm2": 25000.0,
  "n_frames": 40,
  "final_step": 5000,
  "final_time_ps": 0.5,
  "proton_transfer_rc_min_nm": 0.06831167403544436,
  "proton_transfer_rc_max_nm": 0.08771141713495768,
  "proton_transfer_positive_frames": 40,
  "reaction_coordinate_ranges_nm": {
    "proton_transfer_rc": [
      0.06831167403544436,
      0.08771141713495768
    ],
    "ring_opening_rc": [
      0.3410815939706137,
      0.3644529470545914
    ]
  },
  "output_dir": "outputs/kemp_qm_ts_seeded_pt_bidirectional/branches/reverse/windows/p002"
}