{
  "reactant_gap_kj_mol": -40625.0,
  "reactant_free_energy_kj_mol": 0.0,
  "product_gap_kj_mol": -23375.0,
  "product_free_energy_kj_mol": 4.403595347409038,
  "ts_gap_kj_mol": -24625.0,
  "ts_free_energy_kj_mol": 4.691579321318443,
  "barrier_forward_kj_mol": 4.691579321318443,
  "reaction_free_energy_kj_mol": 4.403595347409038
}