{
  "window_id": "u005",
  "gap_center_kj_mol": 100000.0,
  "force_constant_kj_mol2": 1e-09,
  "n_frames": 10,
  "final_step": 1200,
  "final_time_ps": 0.12,
  "proton_transfer_rc_min_nm": 0.18861441691990047,
  "proton_transfer_rc_max_nm": 0.2067417011940802,
  "proton_transfer_positive_frames": 10,
  "reaction_coordinate_ranges_nm": {
    "proton_transfer_rc": [
      0.18861441691990047,
      0.2067417011940802
    ],
    "ring_opening_rc": [
      0.3516203770571315,
      0.359873254033482
    ]
  },
  "output_dir": "outputs/delta_alpha_gap_native_scan/delta_alpha_p50000/windows/u005"
}