{
  "window_id": "w000",
  "lambda_value": 0.0,
  "n_frames": 20,
  "final_step": 1100,
  "final_time_ps": 0.055,
  "proton_transfer_rc_min_nm": -0.1359794731238081,
  "proton_transfer_rc_max_nm": -0.10601621216403014,
  "proton_transfer_positive_frames": 0,
  "reaction_coordinate_ranges_nm": {
    "proton_transfer_rc": [
      -0.1359794731238081,
      -0.10601621216403014
    ],
    "ring_opening_rc": [
      0.1454461428750485,
      0.14832913148269733
    ]
  },
  "output_dir": "outputs/kemp_qm_openmm_mapping_calibrated/windows/w000"
}