{
  "window_id": "w001",
  "lambda_value": 0.1,
  "n_frames": 20,
  "final_step": 1100,
  "final_time_ps": 0.055,
  "proton_transfer_rc_min_nm": -0.09836362652553919,
  "proton_transfer_rc_max_nm": -0.05015837790157643,
  "proton_transfer_positive_frames": 0,
  "reaction_coordinate_ranges_nm": {
    "proton_transfer_rc": [
      -0.09836362652553919,
      -0.05015837790157643
    ],
    "ring_opening_rc": [
      0.15749016842218433,
      0.27635892627168307
    ]
  },
  "output_dir": "outputs/kemp_qm_openmm_mapping_calibrated_cuda/windows/w001"
}