{
  "window_id": "p001",
  "rc_center_nm": 0.016,
  "force_constant_kj_mol_nm2": 25000.0,
  "n_frames": 40,
  "final_step": 5000,
  "final_time_ps": 0.5,
  "proton_transfer_rc_min_nm": 0.06511155635722074,
  "proton_transfer_rc_max_nm": 0.08633785874882562,
  "proton_transfer_positive_frames": 40,
  "reaction_coordinate_ranges_nm": {
    "proton_transfer_rc": [
      0.06511155635722074,
      0.08633785874882562
    ],
    "ring_opening_rc": [
      0.33640573073868796,
      0.37247630548681027
    ]
  },
  "output_dir": "outputs/kemp_qm_ts_seeded_pt_bidirectional/branches/reverse/windows/p001"
}