{
  "gap": {
    "frame": 0,
    "step": 0,
    "time_ps": 0.0,
    "energy1_kj_mol": -30840.09836555888,
    "energy2_kj_mol": -3095.740110263785,
    "delta_e_kj_mol": -27744.358255295094,
    "delta_e_shifted_kj_mol": -27744.358255295094,
    "evb_energy_kj_mol": -30840.09836555888,
    "weight1": 1.0,
    "weight2": 0.0
  },
  "distances_nm": {
    "donor_h": 0.10962522519931261,
    "h_acceptor": 0.24825682266556137
  },
  "parameters": {
    "delta_alpha": 0.0,
    "h12": 0.0
  }
}