{
  "window_id": "w001",
  "lambda_value": 0.1,
  "n_frames": 60,
  "final_step": 3200,
  "final_time_ps": 0.16,
  "proton_transfer_rc_min_nm": -0.15533980987167212,
  "proton_transfer_rc_max_nm": -0.03196001387510683,
  "proton_transfer_positive_frames": 0,
  "reaction_coordinate_ranges_nm": {
    "proton_transfer_rc": [
      -0.15533980987167212,
      -0.03196001387510683
    ],
    "ring_opening_rc": [
      0.16134384725621548,
      0.26372071444081563
    ]
  },
  "output_dir": "outputs/kemp_qm_openmm_mapping_replicates/rep02/windows/w001"
}