{
  "window_id": "w003",
  "lambda_value": 0.3,
  "n_frames": 20,
  "final_step": 1100,
  "final_time_ps": 0.055,
  "proton_transfer_rc_min_nm": -0.06425348973916341,
  "proton_transfer_rc_max_nm": -0.03351293167290417,
  "proton_transfer_positive_frames": 0,
  "reaction_coordinate_ranges_nm": {
    "proton_transfer_rc": [
      -0.06425348973916341,
      -0.03351293167290417
    ],
    "ring_opening_rc": [
      0.17548471928091655,
      0.28131616939732074
    ]
  },
  "output_dir": "outputs/kemp_qm_openmm_mapping_calibrated_cuda/windows/w003"
}