{
  "window_id": "u001",
  "gap_center_kj_mol": -25000.0,
  "force_constant_kj_mol2": 1e-09,
  "n_frames": 10,
  "final_step": 1200,
  "final_time_ps": 0.12,
  "proton_transfer_rc_min_nm": -0.15897939441736672,
  "proton_transfer_rc_max_nm": -0.13442267936125307,
  "proton_transfer_positive_frames": 0,
  "reaction_coordinate_ranges_nm": {
    "proton_transfer_rc": [
      -0.15897939441736672,
      -0.13442267936125307
    ],
    "ring_opening_rc": [
      0.13825505550911085,
      0.15410415950264278
    ]
  },
  "output_dir": "outputs/delta_alpha_gap_native_scan/delta_alpha_p100000/windows/u001"
}