{
  "window_id": "w005",
  "lambda_value": 0.5,
  "n_frames": 60,
  "final_step": 3200,
  "final_time_ps": 0.16,
  "proton_transfer_rc_min_nm": -0.20167759969545623,
  "proton_transfer_rc_max_nm": 0.3350077959395283,
  "proton_transfer_positive_frames": 28,
  "reaction_coordinate_ranges_nm": {
    "proton_transfer_rc": [
      -0.20167759969545623,
      0.3350077959395283
    ],
    "ring_opening_rc": [
      0.17659497146307418,
      0.37134465097890507
    ]
  },
  "output_dir": "outputs/kemp_qm_openmm_mapping_replicates/rep01/windows/w005"
}