{
  "n_windows": 13,
  "n_frames_total": 1300,
  "gap_shifted": true,
  "histogram_edges_kj_mol": [
    -50000.0,
    -49666.666666666664,
    -49333.333333333336,
    -49000.0,
    -48666.666666666664,
    -48333.333333333336,
    -48000.0,
    -47666.666666666664,
    -47333.333333333336,
    -47000.0,
    -46666.666666666664,
    -46333.333333333336,
    -46000.0,
    -45666.666666666664,
    -45333.333333333336,
    -45000.0,
    -44666.666666666664,
    -44333.333333333336,
    -44000.0,
    -43666.666666666664,
    -43333.333333333336,
    -43000.0,
    -42666.666666666664,
    -42333.333333333336,
    -42000.0,
    -41666.66666666667,
    -41333.333333333336,
    -41000.0,
    -40666.66666666667,
    -40333.333333333336,
    -40000.0,
    -39666.66666666667,
    -39333.333333333336,
    -39000.0,
    -38666.66666666667,
    -38333.333333333336,
    -38000.0,
    -37666.66666666667,
    -37333.333333333336,
    -37000.0,
    -36666.66666666667,
    -36333.333333333336,
    -36000.0,
    -35666.66666666667,
    -35333.333333333336,
    -35000.0,
    -34666.66666666667,
    -34333.333333333336,
    -34000.0,
    -33666.66666666667,
    -33333.333333333336,
    -33000.0,
    -32666.666666666668,
    -32333.333333333336,
    -32000.0,
    -31666.666666666668,
    -31333.333333333336,
    -31000.0,
    -30666.666666666668,
    -30333.333333333336,
    -30000.0,
    -29666.666666666668,
    -29333.333333333336,
    -29000.0,
    -28666.666666666668,
    -28333.333333333336,
    -28000.0,
    -27666.666666666668,
    -27333.333333333336,
    -27000.0,
    -26666.666666666668,
    -26333.333333333336,
    -26000.0,
    -25666.666666666668,
    -25333.333333333336,
    -25000.0,
    -24666.666666666668,
    -24333.333333333336,
    -24000.0,
    -23666.666666666668,
    -23333.333333333336,
    -23000.0,
    -22666.666666666668,
    -22333.333333333336,
    -22000.0,
    -21666.666666666668,
    -21333.333333333336,
    -21000.0,
    -20666.666666666668,
    -20333.333333333336,
    -20000.0,
    -19666.666666666668,
    -19333.333333333336,
    -19000.0,
    -18666.666666666668,
    -18333.333333333336,
    -18000.0,
    -17666.666666666668,
    -17333.333333333336,
    -17000.0,
    -16666.66666666667,
    -16333.333333333336,
    -16000.0,
    -15666.666666666672,
    -15333.333333333336,
    -15000.0,
    -14666.666666666672,
    -14333.333333333336,
    -14000.0,
    -13666.666666666672,
    -13333.333333333336,
    -13000.0,
    -12666.666666666672,
    -12333.333333333336,
    -12000.0,
    -11666.666666666672,
    -11333.333333333336,
    -11000.0,
    -10666.666666666672,
    -10333.333333333336,
    -10000.0,
    -9666.666666666672,
    -9333.333333333336,
    -9000.0,
    -8666.666666666672,
    -8333.333333333336,
    -8000.0,
    -7666.6666666666715,
    -7333.333333333336,
    -7000.0,
    -6666.6666666666715,
    -6333.333333333336,
    -6000.0,
    -5666.6666666666715,
    -5333.333333333336,
    -5000.0,
    -4666.6666666666715,
    -4333.333333333336,
    -4000.0,
    -3666.6666666666715,
    -3333.3333333333358,
    -3000.0,
    -2666.6666666666715,
    -2333.3333333333358,
    -2000.0,
    -1666.6666666666715,
    -1333.3333333333358,
    -1000.0,
    -666.6666666666715,
    -333.33333333333576,
    0.0,
    333.3333333333285,
    666.6666666666642,
    1000.0,
    1333.3333333333285,
    1666.6666666666642,
    2000.0,
    2333.3333333333285,
    2666.6666666666642,
    3000.0,
    3333.3333333333285,
    3666.6666666666642,
    4000.0,
    4333.3333333333285,
    4666.666666666664,
    5000.0,
    5333.3333333333285,
    5666.666666666664,
    6000.0,
    6333.3333333333285,
    6666.666666666664,
    7000.0,
    7333.3333333333285,
    7666.666666666664,
    8000.0,
    8333.333333333328,
    8666.666666666664,
    9000.0,
    9333.333333333328,
    9666.666666666664,
    10000.0,
    10333.333333333328,
    10666.666666666664,
    11000.0,
    11333.333333333328,
    11666.666666666664,
    12000.0,
    12333.333333333328,
    12666.666666666664,
    13000.0,
    13333.333333333328,
    13666.666666666664,
    14000.0,
    14333.333333333328,
    14666.666666666664,
    14999.999999999993,
    15333.333333333328,
    15666.666666666657,
    16000.0,
    16333.333333333328,
    16666.666666666657,
    17000.0,
    17333.33333333333,
    17666.666666666657,
    18000.0,
    18333.33333333333,
    18666.666666666657,
    19000.0,
    19333.33333333333,
    19666.666666666657,
    20000.0,
    20333.33333333333,
    20666.666666666657,
    21000.0,
    21333.33333333333,
    21666.666666666657,
    22000.0,
    22333.33333333333,
    22666.666666666657,
    23000.0,
    23333.33333333333,
    23666.666666666657,
    24000.0,
    24333.33333333333,
    24666.666666666657,
    25000.0,
    25333.33333333333,
    25666.666666666657,
    26000.0,
    26333.33333333333,
    26666.666666666657,
    27000.0,
    27333.33333333333,
    27666.666666666657,
    28000.0,
    28333.33333333333,
    28666.666666666657,
    29000.0,
    29333.33333333333,
    29666.666666666657,
    30000.0,
    30333.33333333333,
    30666.666666666657,
    31000.0,
    31333.33333333333,
    31666.666666666657,
    32000.0,
    32333.33333333333,
    32666.666666666657,
    33000.0,
    33333.33333333333,
    33666.66666666666,
    34000.0,
    34333.33333333333,
    34666.66666666666,
    35000.0,
    35333.33333333333,
    35666.66666666666,
    36000.0,
    36333.33333333333,
    36666.66666666666,
    37000.0,
    37333.33333333333,
    37666.66666666666,
    38000.0,
    38333.33333333333,
    38666.66666666666,
    39000.0,
    39333.33333333333,
    39666.66666666666,
    40000.0,
    40333.33333333333,
    40666.66666666666,
    41000.0,
    41333.33333333333,
    41666.66666666666,
    42000.0,
    42333.33333333333,
    42666.66666666666,
    43000.0,
    43333.33333333333,
    43666.66666666666,
    44000.0,
    44333.33333333333,
    44666.66666666666,
    45000.0,
    45333.33333333333,
    45666.66666666666,
    46000.0,
    46333.33333333333,
    46666.66666666666,
    47000.0,
    47333.33333333333,
    47666.66666666666,
    48000.0,
    48333.33333333333,
    48666.66666666666,
    49000.0,
    49333.33333333333,
    49666.66666666666,
    50000.0
  ],
  "sampling_mode": "gap_umbrella",
  "windows": [
    {
      "window_id": "u000",
      "lambda_value": null,
      "gap_center_kj_mol": -32000.0,
      "n_frames": 100
    },
    {
      "window_id": "u001",
      "lambda_value": null,
      "gap_center_kj_mol": -30750.0,
      "n_frames": 100
    },
    {
      "window_id": "u002",
      "lambda_value": null,
      "gap_center_kj_mol": -29500.0,
      "n_frames": 100
    },
    {
      "window_id": "u003",
      "lambda_value": null,
      "gap_center_kj_mol": -28250.0,
      "n_frames": 100
    },
    {
      "window_id": "u004",
      "lambda_value": null,
      "gap_center_kj_mol": -27000.0,
      "n_frames": 100
    },
    {
      "window_id": "u005",
      "lambda_value": null,
      "gap_center_kj_mol": -25750.0,
      "n_frames": 100
    },
    {
      "window_id": "u006",
      "lambda_value": null,
      "gap_center_kj_mol": -24500.0,
      "n_frames": 100
    },
    {
      "window_id": "u007",
      "lambda_value": null,
      "gap_center_kj_mol": -23250.0,
      "n_frames": 100
    },
    {
      "window_id": "u008",
      "lambda_value": null,
      "gap_center_kj_mol": -22000.0,
      "n_frames": 100
    },
    {
      "window_id": "u009",
      "lambda_value": null,
      "gap_center_kj_mol": -20750.0,
      "n_frames": 100
    },
    {
      "window_id": "u010",
      "lambda_value": null,
      "gap_center_kj_mol": -19500.0,
      "n_frames": 100
    },
    {
      "window_id": "u011",
      "lambda_value": null,
      "gap_center_kj_mol": -18250.0,
      "n_frames": 100
    },
    {
      "window_id": "u012",
      "lambda_value": null,
      "gap_center_kj_mol": -17000.0,
      "n_frames": 100
    }
  ],