{
  "reactant_gap_kj_mol": -35166.66666666667,
  "reactant_free_energy_kj_mol": 0.0,
  "product_gap_kj_mol": -21833.333333333336,
  "product_free_energy_kj_mol": 7.898359852620468,
  "ts_gap_kj_mol": -21833.333333333336,
  "ts_free_energy_kj_mol": 7.898359852620468,
  "barrier_forward_kj_mol": 7.898359852620468,
  "reaction_free_energy_kj_mol": 7.898359852620468
}