{
  "window_id": "u004",
  "gap_center_kj_mol": 50000.0,
  "force_constant_kj_mol2": 1e-09,
  "n_frames": 10,
  "final_step": 1200,
  "final_time_ps": 0.12,
  "proton_transfer_rc_min_nm": -0.18639773798540232,
  "proton_transfer_rc_max_nm": -0.15772637825240735,
  "proton_transfer_positive_frames": 0,
  "reaction_coordinate_ranges_nm": {
    "proton_transfer_rc": [
      -0.18639773798540232,
      -0.15772637825240735
    ],
    "ring_opening_rc": [
      0.14228282386272711,
      0.1527296551961235
    ]
  },
  "output_dir": "outputs/delta_alpha_gap_native_scan/delta_alpha_p125000/windows/u004"
}