{
  "window_id": "w002",
  "lambda_value": 0.2,
  "n_frames": 20,
  "final_step": 1100,
  "final_time_ps": 0.055,
  "proton_transfer_rc_min_nm": -0.06935515601189797,
  "proton_transfer_rc_max_nm": -0.045118907939074554,
  "proton_transfer_positive_frames": 0,
  "reaction_coordinate_ranges_nm": {
    "proton_transfer_rc": [
      -0.06935515601189797,
      -0.045118907939074554
    ],
    "ring_opening_rc": [
      0.16731823600071205,
      0.2578506874384908
    ]
  },
  "output_dir": "outputs/kemp_qm_openmm_mapping_calibrated_cuda/windows/w002"
}