{
  "window_id": "p000",
  "rc_center_nm": 0.004,
  "force_constant_kj_mol_nm2": 25000.0,
  "n_frames": 40,
  "final_step": 5000,
  "final_time_ps": 0.5,
  "proton_transfer_rc_min_nm": -0.0925077969421702,
  "proton_transfer_rc_max_nm": -0.0805543858953028,
  "proton_transfer_positive_frames": 0,
  "reaction_coordinate_ranges_nm": {
    "proton_transfer_rc": [
      -0.0925077969421702,
      -0.0805543858953028
    ],
    "ring_opening_rc": [
      0.14203327080653638,
      0.15279422846847254
    ]
  },
  "output_dir": "outputs/kemp_qm_ts_seeded_pt_bidirectional/branches/forward/windows/p000"
}