{
  "natoms": 2597,
  "evb_singlepoint_kj_mol": 402686858.505982,
  "state1_singlepoint_kj_mol": 402686858.5059667,
  "state2_singlepoint_kj_mol": 402758681.4353534
}