{
  "window_id": "u002",
  "gap_center_kj_mol": 0.0,
  "force_constant_kj_mol2": 1e-09,
  "n_frames": 10,
  "final_step": 1200,
  "final_time_ps": 0.12,
  "proton_transfer_rc_min_nm": -0.1610971236284086,
  "proton_transfer_rc_max_nm": -0.1322850927487504,
  "proton_transfer_positive_frames": 0,
  "reaction_coordinate_ranges_nm": {
    "proton_transfer_rc": [
      -0.1610971236284086,
      -0.1322850927487504
    ],
    "ring_opening_rc": [
      0.14149483428821258,
      0.15250206240561814
    ]
  },
  "output_dir": "outputs/delta_alpha_gap_native_scan/delta_alpha_p0/windows/u002"
}