{
  "window_id": "u006",
  "gap_center_kj_mol": 175000.0,
  "force_constant_kj_mol2": 1e-09,
  "n_frames": 10,
  "final_step": 1200,
  "final_time_ps": 0.12,
  "proton_transfer_rc_min_nm": 0.1935523482730943,
  "proton_transfer_rc_max_nm": 0.21309360673655428,
  "proton_transfer_positive_frames": 10,
  "reaction_coordinate_ranges_nm": {
    "proton_transfer_rc": [
      0.1935523482730943,
      0.21309360673655428
    ],
    "ring_opening_rc": [
      0.34900837407348595,
      0.36109106211508885
    ]
  },
  "output_dir": "outputs/delta_alpha_gap_native_scan/delta_alpha_p125000/windows/u006"
}