{
  "window_id": "w000",
  "lambda_value": 0.0,
  "n_frames": 60,
  "final_step": 3200,
  "final_time_ps": 0.16,
  "proton_transfer_rc_min_nm": -0.24454220936557836,
  "proton_transfer_rc_max_nm": -0.11838152297831903,
  "proton_transfer_positive_frames": 0,
  "reaction_coordinate_ranges_nm": {
    "proton_transfer_rc": [
      -0.24454220936557836,
      -0.11838152297831903
    ],
    "ring_opening_rc": [
      0.14168869047567537,
      0.15412386518384227
    ]
  },
  "output_dir": "outputs/kemp_qm_openmm_mapping_replicates/rep02/windows/w000"
}