{
  "window_id": "p009",
  "rc_center_nm": 0.112,
  "force_constant_kj_mol_nm2": 25000.0,
  "n_frames": 40,
  "final_step": 5000,
  "final_time_ps": 0.5,
  "proton_transfer_rc_min_nm": -0.07171735243441893,
  "proton_transfer_rc_max_nm": -0.0643542456687188,
  "proton_transfer_positive_frames": 0,
  "reaction_coordinate_ranges_nm": {
    "proton_transfer_rc": [
      -0.07171735243441893,
      -0.0643542456687188
    ],
    "ring_opening_rc": [
      0.14214974962365737,
      0.15350953419556865
    ]
  },
  "output_dir": "outputs/kemp_qm_ts_seeded_pt_bidirectional/branches/forward/windows/p009"
}