{
  "window_id": "p009",
  "rc_center_nm": 0.112,
  "force_constant_kj_mol_nm2": 25000.0,
  "n_frames": 40,
  "final_step": 5000,
  "final_time_ps": 0.5,
  "proton_transfer_rc_min_nm": 0.1104903570022365,
  "proton_transfer_rc_max_nm": 0.13250964489614936,
  "proton_transfer_positive_frames": 40,
  "reaction_coordinate_ranges_nm": {
    "proton_transfer_rc": [
      0.1104903570022365,
      0.13250964489614936
    ],
    "ring_opening_rc": [
      0.3421870036941282,
      0.36887817752828267
    ]
  },
  "output_dir": "outputs/kemp_qm_ts_seeded_pt_bidirectional/branches/reverse/windows/p009"
}