{
  "window_id": "w007",
  "lambda_value": 0.7,
  "n_frames": 20,
  "final_step": 1100,
  "final_time_ps": 0.055,
  "proton_transfer_rc_min_nm": -0.1974590009699659,
  "proton_transfer_rc_max_nm": 0.3116812350108542,
  "proton_transfer_positive_frames": 13,
  "reaction_coordinate_ranges_nm": {
    "proton_transfer_rc": [
      -0.1974590009699659,
      0.3116812350108542
    ],
    "ring_opening_rc": [
      0.23402245241506175,
      0.31390800721488044
    ]
  },
  "output_dir": "outputs/kemp_qm_openmm_mapping_calibrated/windows/w007"
}