{
  "window_id": "w003",
  "lambda_value": 0.3,
  "n_frames": 60,
  "final_step": 3200,
  "final_time_ps": 0.16,
  "proton_transfer_rc_min_nm": -0.07356117493314521,
  "proton_transfer_rc_max_nm": -0.02243973195422977,
  "proton_transfer_positive_frames": 0,
  "reaction_coordinate_ranges_nm": {
    "proton_transfer_rc": [
      -0.07356117493314521,
      -0.02243973195422977
    ],
    "ring_opening_rc": [
      0.18208621883801218,
      0.24970623378578527
    ]
  },
  "output_dir": "outputs/kemp_qm_openmm_mapping_replicates/rep01/windows/w003"
}