{
  "window_id": "w005",
  "lambda_value": 0.5,
  "n_frames": 20,
  "final_step": 1100,
  "final_time_ps": 0.055,
  "proton_transfer_rc_min_nm": -0.2685000032150489,
  "proton_transfer_rc_max_nm": 0.3620760219560516,
  "proton_transfer_positive_frames": 12,
  "reaction_coordinate_ranges_nm": {
    "proton_transfer_rc": [
      -0.2685000032150489,
      0.3620760219560516
    ],
    "ring_opening_rc": [
      0.17888473114460784,
      0.37265859230922455
    ]
  },
  "output_dir": "outputs/kemp_qm_openmm_mapping_calibrated_cuda/windows/w005"
}