{
  "window_id": "w008",
  "lambda_value": 0.8,
  "n_frames": 20,
  "final_step": 1100,
  "final_time_ps": 0.055,
  "proton_transfer_rc_min_nm": -0.04467233476314411,
  "proton_transfer_rc_max_nm": 0.07888069487565633,
  "proton_transfer_positive_frames": 11,
  "reaction_coordinate_ranges_nm": {
    "proton_transfer_rc": [
      -0.04467233476314411,
      0.07888069487565633
    ],
    "ring_opening_rc": [
      0.23003462058659546,
      0.31471702004873836
    ]
  },
  "output_dir": "outputs/kemp_qm_openmm_mapping_calibrated_cuda/windows/w008"
}