{
  "description": "HG3.17 constant-H12 EVB production gap umbrellas calibrated to g-xTB RC/TS/PROD targets.",
  "requires_platform": "CUDA",
  "n_replicates": 30,
  "n_windows": 49,
  "window_centers_kj_mol": [
    20000.0,
    25000.0,
    30000.0,
    35000.0,
    40000.0,
    45000.0,
    50000.0,
    55000.0,
    60000.0,
    65000.0,
    70000.0,
    75000.0,
    80000.0,
    85000.0,
    90000.0,
    95000.0,
    100000.0,
    105000.0,
    110000.0,
    115000.0,
    120000.0,
    125000.0,
    130000.0,
    135000.0,
    140000.0,
    145000.0,
    150000.0,
    155000.0,
    160000.0,
    165000.0,
    170000.0,
    175000.0,
    180000.0,
    185000.0,
    190000.0,
    195000.0,
    200000.0,
    205000.0,
    210000.0,
    215000.0,
    220000.0,
    225000.0,
    230000.0,
    235000.0,
    240000.0,
    245000.0,
    250000.0,
    255000.0,
    260000.0
  ],
  "force_constant_kj_mol2": 1e-07,
  "timestep_fs": 0.25,
  "equilibration_ps_per_window": 5.0,
  "production_ps_per_window": 200.0,
  "total_production_ns": 294.0,
  "delta_alpha_kj_mol": -53328.25448088075,
  "h12_kj_mol": 49606.147558391305,
  "target_barrier_kj_mol": 75.897781,
  "target_reaction_free_energy_kj_mol": -156.280437,
  "notes": [
    "Use gap PMF overlap/blocking/replicate summaries before interpreting the barrier.",
    "The available OpenMM bundle paths are not explicitly named HG3.17; confirm they are the intended HG3.17 diabatic states.",
    "Default protocol uses far-field restraints, reactive-atom constraint exclusion, and umbrella-ramp equilibration."
  ]
}