{
  "window_id": "w002",
  "lambda_value": 0.2,
  "n_frames": 20,
  "final_step": 1100,
  "final_time_ps": 0.055,
  "proton_transfer_rc_min_nm": -0.08818105163065909,
  "proton_transfer_rc_max_nm": -0.036517148788867165,
  "proton_transfer_positive_frames": 0,
  "reaction_coordinate_ranges_nm": {
    "proton_transfer_rc": [
      -0.08818105163065909,
      -0.036517148788867165
    ],
    "ring_opening_rc": [
      0.1632602525788805,
      0.2684910365141465
    ]
  },
  "output_dir": "outputs/kemp_qm_openmm_mapping_calibrated/windows/w002"
}