{
  "window_id": "w010",
  "lambda_value": 1.0,
  "n_frames": 20,
  "final_step": 1100,
  "final_time_ps": 0.055,
  "proton_transfer_rc_min_nm": 0.07112781460268869,
  "proton_transfer_rc_max_nm": 0.29538974285258485,
  "proton_transfer_positive_frames": 20,
  "reaction_coordinate_ranges_nm": {
    "proton_transfer_rc": [
      0.07112781460268869,
      0.29538974285258485
    ],
    "ring_opening_rc": [
      0.2929214511285251,
      0.3986517396506172
    ]
  },
  "output_dir": "outputs/kemp_qm_openmm_mapping_calibrated_cuda/windows/w010"
}