{
  "window_id": "u002",
  "gap_center_kj_mol": 50000.0,
  "force_constant_kj_mol2": 1e-09,
  "n_frames": 10,
  "final_step": 300,
  "final_time_ps": 0.03,
  "proton_transfer_rc_min_nm": -0.14369509504668487,
  "proton_transfer_rc_max_nm": -0.10722110185463996,
  "proton_transfer_positive_frames": 0,
  "reaction_coordinate_ranges_nm": {
    "proton_transfer_rc": [
      -0.14369509504668487,
      -0.10722110185463996
    ],
    "ring_opening_rc": [
      0.14662531803444367,
      0.1499475276769525
    ]
  },
  "output_dir": "outputs/kemp_qm_openmm/windows/u002"
}