{
  "window_id": "u005",
  "gap_center_kj_mol": 100000.0,
  "force_constant_kj_mol2": 1e-09,
  "n_frames": 10,
  "final_step": 1200,
  "final_time_ps": 0.12,
  "proton_transfer_rc_min_nm": 0.18988832806613692,
  "proton_transfer_rc_max_nm": 0.21302511573565647,
  "proton_transfer_positive_frames": 10,
  "reaction_coordinate_ranges_nm": {
    "proton_transfer_rc": [
      0.18988832806613692,
      0.21302511573565647
    ],
    "ring_opening_rc": [
      0.3520907029466559,
      0.3614552549082728
    ]
  },
  "output_dir": "outputs/delta_alpha_gap_native_scan/delta_alpha_p100000/windows/u005"
}