{
  "window_id": "u006",
  "gap_center_kj_mol": 175000.0,
  "force_constant_kj_mol2": 1e-09,
  "n_frames": 10,
  "final_step": 1200,
  "final_time_ps": 0.12,
  "proton_transfer_rc_min_nm": 0.185215717597225,
  "proton_transfer_rc_max_nm": 0.20869318921643537,
  "proton_transfer_positive_frames": 10,
  "reaction_coordinate_ranges_nm": {
    "proton_transfer_rc": [
      0.185215717597225,
      0.20869318921643537
    ],
    "ring_opening_rc": [
      0.34883549377316936,
      0.3575209930858473
    ]
  },
  "output_dir": "outputs/delta_alpha_gap_native_scan/delta_alpha_p0/windows/u006"
}