{
  "window_id": "p002",
  "rc_center_nm": 0.028,
  "force_constant_kj_mol_nm2": 25000.0,
  "n_frames": 40,
  "final_step": 5000,
  "final_time_ps": 0.5,
  "proton_transfer_rc_min_nm": -0.08569945686751244,
  "proton_transfer_rc_max_nm": -0.07927014342438603,
  "proton_transfer_positive_frames": 0,
  "reaction_coordinate_ranges_nm": {
    "proton_transfer_rc": [
      -0.08569945686751244,
      -0.07927014342438603
    ],
    "ring_opening_rc": [
      0.13963092860204904,
      0.15449525313713974
    ]
  },
  "output_dir": "outputs/kemp_qm_ts_seeded_pt_bidirectional/branches/forward/windows/p002"
}