{
  "window_id": "p006",
  "rc_center_nm": 0.076,
  "force_constant_kj_mol_nm2": 25000.0,
  "n_frames": 40,
  "final_step": 5000,
  "final_time_ps": 0.5,
  "proton_transfer_rc_min_nm": 0.09331433193019152,
  "proton_transfer_rc_max_nm": 0.1230931884782814,
  "proton_transfer_positive_frames": 40,
  "reaction_coordinate_ranges_nm": {
    "proton_transfer_rc": [
      0.09331433193019152,
      0.1230931884782814
    ],
    "ring_opening_rc": [
      0.3440202316060704,
      0.3630176074853
    ]
  },
  "output_dir": "outputs/kemp_qm_ts_seeded_pt_bidirectional/branches/reverse/windows/p006"
}