{
  "window_id": "u000",
  "gap_center_kj_mol": -50000.0,
  "force_constant_kj_mol2": 1e-09,
  "n_frames": 10,
  "final_step": 300,
  "final_time_ps": 0.03,
  "proton_transfer_rc_min_nm": -0.13800570991707012,
  "proton_transfer_rc_max_nm": -0.10646811517331352,
  "proton_transfer_positive_frames": 0,
  "reaction_coordinate_ranges_nm": {
    "proton_transfer_rc": [
      -0.13800570991707012,
      -0.10646811517331352
    ],
    "ring_opening_rc": [
      0.14420947081560143,
      0.14740676813189535
    ]
  },
  "output_dir": "outputs/kemp_qm_openmm/windows/u000"
}