{
  "window_id": "w005",
  "lambda_value": 0.5,
  "n_frames": 60,
  "final_step": 3200,
  "final_time_ps": 0.16,
  "proton_transfer_rc_min_nm": -0.2666132313183083,
  "proton_transfer_rc_max_nm": 0.2344702981576882,
  "proton_transfer_positive_frames": 31,
  "reaction_coordinate_ranges_nm": {
    "proton_transfer_rc": [
      -0.2666132313183083,
      0.2344702981576882
    ],
    "ring_opening_rc": [
      0.18946265122032893,
      0.2891530212085637
    ]
  },
  "output_dir": "outputs/kemp_qm_openmm_mapping_replicates/rep03/windows/w005"
}