{
  "window_id": "w009",
  "lambda_value": 0.9,
  "n_frames": 60,
  "final_step": 3200,
  "final_time_ps": 0.16,
  "proton_transfer_rc_min_nm": -0.02277245930320268,
  "proton_transfer_rc_max_nm": 0.09267915748871777,
  "proton_transfer_positive_frames": 47,
  "reaction_coordinate_ranges_nm": {
    "proton_transfer_rc": [
      -0.02277245930320268,
      0.09267915748871777
    ],
    "ring_opening_rc": [
      0.24682496113768784,
      0.2933170704174135
    ]
  },
  "output_dir": "outputs/kemp_qm_openmm_mapping_replicates/rep01/windows/w009"
}