{
  "window_id": "p004",
  "rc_center_nm": 0.052,
  "force_constant_kj_mol_nm2": 25000.0,
  "n_frames": 40,
  "final_step": 5000,
  "final_time_ps": 0.5,
  "proton_transfer_rc_min_nm": -0.08241414177765327,
  "proton_transfer_rc_max_nm": -0.07281732518499731,
  "proton_transfer_positive_frames": 0,
  "reaction_coordinate_ranges_nm": {
    "proton_transfer_rc": [
      -0.08241414177765327,
      -0.07281732518499731
    ],
    "ring_opening_rc": [
      0.1404896951214615,
      0.15387992225361188
    ]
  },
  "output_dir": "outputs/kemp_qm_ts_seeded_pt_bidirectional/branches/forward/windows/p004"
}