{
  "branches": {
    "forward": {
      "n_frames": 400,
      "n_windows": 10,
      "proton_transfer_rc_nm_range": [
        -0.0925077969421702,
        -0.0643542456687188
      ],
      "ring_opening_rc_nm_range": [
        0.1381248108002705,
        0.15610105687833378
      ]
    },
    "reverse": {
      "n_frames": 400,
      "n_windows": 10,
      "proton_transfer_rc_nm_range": [
        0.0617923576541647,
        0.13250964489614936
      ],
      "ring_opening_rc_nm_range": [
        0.3339433780861662,
        0.37247630548681027
      ]
    }
  },
  "qm_geometry_guide": "systems/KEMP_implicit/qm_geometry_guide.json",
  "qm_points_nm": {
    "RC": {
      "proton_transfer_rc_nm": -0.09864090392882628,
      "ring_opening_rc_nm": 0.13997714475331338
    },
    "TS": {
      "proton_transfer_rc_nm": 0.05012396729445001,
      "ring_opening_rc_nm": 0.15859019224674656
    },
    "PROD": {
      "proton_transfer_rc_nm": 0.1989842548283717,
      "ring_opening_rc_nm": 0.351824753499409
    }
  }
}