{
  "window_id": "w010",
  "lambda_value": 1.0,
  "n_frames": 20,
  "final_step": 1100,
  "final_time_ps": 0.055,
  "proton_transfer_rc_min_nm": 0.03439110788727673,
  "proton_transfer_rc_max_nm": 0.23482188332887746,
  "proton_transfer_positive_frames": 20,
  "reaction_coordinate_ranges_nm": {
    "proton_transfer_rc": [
      0.03439110788727673,
      0.23482188332887746
    ],
    "ring_opening_rc": [
      0.27083866826559316,
      0.4392395005570361
    ]
  },
  "output_dir": "outputs/kemp_qm_openmm_mapping_calibrated/windows/w010"
}