{
  "window_id": "u003",
  "gap_center_kj_mol": 25000.0,
  "force_constant_kj_mol2": 1e-09,
  "n_frames": 10,
  "final_step": 1200,
  "final_time_ps": 0.12,
  "proton_transfer_rc_min_nm": -0.17302534912248432,
  "proton_transfer_rc_max_nm": -0.14486330508844564,
  "proton_transfer_positive_frames": 0,
  "reaction_coordinate_ranges_nm": {
    "proton_transfer_rc": [
      -0.17302534912248432,
      -0.14486330508844564
    ],
    "ring_opening_rc": [
      0.14060484606897017,
      0.15304279348750496
    ]
  },
  "output_dir": "outputs/delta_alpha_gap_native_scan/delta_alpha_p100000/windows/u003"
}