{
  "window_id": "u002",
  "gap_center_kj_mol": 0.0,
  "force_constant_kj_mol2": 1e-09,
  "n_frames": 10,
  "final_step": 1200,
  "final_time_ps": 0.12,
  "proton_transfer_rc_min_nm": -0.14241758818582884,
  "proton_transfer_rc_max_nm": -0.12542406655509655,
  "proton_transfer_positive_frames": 0,
  "reaction_coordinate_ranges_nm": {
    "proton_transfer_rc": [
      -0.14241758818582884,
      -0.12542406655509655
    ],
    "ring_opening_rc": [
      0.14383373481577252,
      0.15351396049372434
    ]
  },
  "output_dir": "outputs/delta_alpha_gap_native_scan/delta_alpha_p125000/windows/u002"
}