{
  "window_id": "u006",
  "gap_center_kj_mol": 175000.0,
  "force_constant_kj_mol2": 1e-09,
  "n_frames": 10,
  "final_step": 1200,
  "final_time_ps": 0.12,
  "proton_transfer_rc_min_nm": 0.19709471298839445,
  "proton_transfer_rc_max_nm": 0.20664065532473408,
  "proton_transfer_positive_frames": 10,
  "reaction_coordinate_ranges_nm": {
    "proton_transfer_rc": [
      0.19709471298839445,
      0.20664065532473408
    ],
    "ring_opening_rc": [
      0.35202889814436067,
      0.3613221566558053
    ]
  },
  "output_dir": "outputs/delta_alpha_gap_native_scan/delta_alpha_p100000/windows/u006"
}