{
  "window_id": "u004",
  "gap_center_kj_mol": 50000.0,
  "force_constant_kj_mol2": 1e-09,
  "n_frames": 10,
  "final_step": 1200,
  "final_time_ps": 0.12,
  "proton_transfer_rc_min_nm": -0.19357567789883506,
  "proton_transfer_rc_max_nm": -0.14926813501861141,
  "proton_transfer_positive_frames": 0,
  "reaction_coordinate_ranges_nm": {
    "proton_transfer_rc": [
      -0.19357567789883506,
      -0.14926813501861141
    ],
    "ring_opening_rc": [
      0.1430194932163489,
      0.15436014334028797
    ]
  },
  "output_dir": "outputs/delta_alpha_gap_native_scan/delta_alpha_p50000/windows/u004"
}