{
  "window_id": "w004",
  "lambda_value": 0.4,
  "n_frames": 60,
  "final_step": 3200,
  "final_time_ps": 0.16,
  "proton_transfer_rc_min_nm": -0.05759164701207348,
  "proton_transfer_rc_max_nm": -0.02373263099520978,
  "proton_transfer_positive_frames": 0,
  "reaction_coordinate_ranges_nm": {
    "proton_transfer_rc": [
      -0.05759164701207348,
      -0.02373263099520978
    ],
    "ring_opening_rc": [
      0.19923066639698,
      0.2270281165948764
    ]
  },
  "output_dir": "outputs/kemp_qm_openmm_mapping_replicates/rep01/windows/w004"
}