{
  "window_id": "u006",
  "gap_center_kj_mol": 175000.0,
  "force_constant_kj_mol2": 1e-09,
  "n_frames": 10,
  "final_step": 1200,
  "final_time_ps": 0.12,
  "proton_transfer_rc_min_nm": 0.1865902547536179,
  "proton_transfer_rc_max_nm": 0.20585076892880194,
  "proton_transfer_positive_frames": 10,
  "reaction_coordinate_ranges_nm": {
    "proton_transfer_rc": [
      0.1865902547536179,
      0.20585076892880194
    ],
    "ring_opening_rc": [
      0.35421105709319867,
      0.36262855348567147
    ]
  },
  "output_dir": "outputs/delta_alpha_gap_native_scan/delta_alpha_p50000/windows/u006"
}