{
  "window_id": "p007",
  "rc_center_nm": 0.088,
  "force_constant_kj_mol_nm2": 25000.0,
  "n_frames": 40,
  "final_step": 5000,
  "final_time_ps": 0.5,
  "proton_transfer_rc_min_nm": 0.09967059837727976,
  "proton_transfer_rc_max_nm": 0.12482159431331458,
  "proton_transfer_positive_frames": 40,
  "reaction_coordinate_ranges_nm": {
    "proton_transfer_rc": [
      0.09967059837727976,
      0.12482159431331458
    ],
    "ring_opening_rc": [
      0.33906619000460925,
      0.3698533644410296
    ]
  },
  "output_dir": "outputs/kemp_qm_ts_seeded_pt_bidirectional/branches/reverse/windows/p007"
}