{
  "window_id": "w006",
  "lambda_value": 0.6,
  "n_frames": 60,
  "final_step": 3200,
  "final_time_ps": 0.16,
  "proton_transfer_rc_min_nm": -0.37177540025129696,
  "proton_transfer_rc_max_nm": 0.44500727787510186,
  "proton_transfer_positive_frames": 38,
  "reaction_coordinate_ranges_nm": {
    "proton_transfer_rc": [
      -0.37177540025129696,
      0.44500727787510186
    ],
    "ring_opening_rc": [
      0.17597164262263912,
      0.4871405775708794
    ]
  },
  "output_dir": "outputs/kemp_qm_openmm_mapping_replicates/rep01/windows/w006"
}