{
  "window_id": "w002",
  "lambda_value": 0.2,
  "n_frames": 60,
  "final_step": 3200,
  "final_time_ps": 0.16,
  "proton_transfer_rc_min_nm": -0.0790401339679354,
  "proton_transfer_rc_max_nm": -0.03741348301177516,
  "proton_transfer_positive_frames": 0,
  "reaction_coordinate_ranges_nm": {
    "proton_transfer_rc": [
      -0.0790401339679354,
      -0.03741348301177516
    ],
    "ring_opening_rc": [
      0.18420070790878196,
      0.21705765475333705
    ]
  },
  "output_dir": "outputs/kemp_qm_openmm_mapping_replicates/rep02/windows/w002"
}