{
  "window_id": "w010",
  "lambda_value": 1.0,
  "n_frames": 60,
  "final_step": 3200,
  "final_time_ps": 0.16,
  "proton_transfer_rc_min_nm": 0.03383859302314937,
  "proton_transfer_rc_max_nm": 0.31417266939085153,
  "proton_transfer_positive_frames": 60,
  "reaction_coordinate_ranges_nm": {
    "proton_transfer_rc": [
      0.03383859302314937,
      0.31417266939085153
    ],
    "ring_opening_rc": [
      0.3055873486118774,
      0.3992199507562518
    ]
  },
  "output_dir": "outputs/kemp_qm_openmm_mapping_replicates/rep01/windows/w010"
}