{
  "window_id": "w008",
  "lambda_value": 0.8,
  "n_frames": 60,
  "final_step": 3200,
  "final_time_ps": 0.16,
  "proton_transfer_rc_min_nm": -0.04614420765652247,
  "proton_transfer_rc_max_nm": 0.056742167428760176,
  "proton_transfer_positive_frames": 37,
  "reaction_coordinate_ranges_nm": {
    "proton_transfer_rc": [
      -0.04614420765652247,
      0.056742167428760176
    ],
    "ring_opening_rc": [
      0.21954807879473434,
      0.27889251001134574
    ]
  },
  "output_dir": "outputs/kemp_qm_openmm_mapping_replicates/rep02/windows/w008"
}