{
  "qm_ts": {
    "proton_transfer_rc_nm": 0.05012396729445001,
    "ring_opening_rc_nm": 0.15859019224674656
  },
  "replicates": {
    "rep01": {
      "n_frames": 660,
      "positive_proton_transfer_frames": 259,
      "best_ts_like_frame": {
        "window_id": "w005",
        "frame": 41,
        "proton_transfer_rc_nm": 0.046227350370425135,
        "ring_opening_rc_nm": 0.1860651082191504,
        "distance_to_qm_ts_nm": 0.027749858218435074,
        "w1": 0.2665143306974238,
        "w2": 0.7334856693025762,
        "delta_e_shifted_kj_mol": 52411.08423319543
      },
      "windows": {
        "w000": {
          "pt_range_nm": [
            -0.23780243494039283,
            -0.1177842093010821
          ],
          "ring_opening_range_nm": [
            0.14370424575875282,
            0.15219413665996
          ],
          "positive_frames": 0,
          "n_frames": 60
        },
        "w001": {
          "pt_range_nm": [
            -0.1229681358178711,
            -0.030977114214056606
          ],
          "ring_opening_range_nm": [
            0.16195301063916784,
            0.2718949560354769
          ],
          "positive_frames": 0,
          "n_frames": 60
        },
        "w002": {
          "pt_range_nm": [
            -0.0965431333819461,
            -0.021492022646848602
          ],
          "ring_opening_range_nm": [
            0.17872627270970515,
            0.2303069844811537
          ],
          "positive_frames": 0,
          "n_frames": 60
        },
        "w003": {
          "pt_range_nm": [
            -0.07356117493314521,
            -0.02243973195422977
          ],
          "ring_opening_range_nm": [
            0.18208621883801218,
            0.24970623378578527
          ],
          "positive_frames": 0,
          "n_frames": 60
        },
        "w004": {
          "pt_range_nm": [
            -0.05759164701207348,
            -0.02373263099520978
          ],
          "ring_opening_range_nm": [
            0.19923066639698,
            0.2270281165948764
          ],
          "positive_frames": 0,
          "n_frames": 60
        },
        "w005": {
          "pt_range_nm": [
            -0.20167759969545623,
            0.3350077959395283
          ],
          "ring_opening_range_nm": [
            0.17659497146307418,
            0.37134465097890507
          ],
          "positive_frames": 28,
          "n_frames": 60
        },
        "w006": {
          "pt_range_nm": [
            -0.37177540025129696,
            0.44500727787510186
          ],
          "ring_opening_range_nm": [
            0.17597164262263912,
            0.4871405775708794
          ],
          "positive_frames": 38,
          "n_frames": 60
        },
        "w007": {
          "pt_range_nm": [
            -0.06102917661764311,
            0.17430049020578822
          ],
          "ring_opening_range_nm": [
            0.22013102606846982,
            0.34086081269841034
          ],
          "positive_frames": 41,
          "n_frames": 60
        },
        "w008": {
          "pt_range_nm": [
            -0.03727460481812546,
            0.10965497476613073
          ],
          "ring_opening_range_nm": [
            0.21987689465922483,
            0.28172952905159604
          ],
          "positive_frames": 45,
          "n_frames": 60
        },
        "w009": {
          "pt_range_nm": [
            -0.02277245930320268,
            0.09267915748871777
          ],
          "ring_opening_range_nm": [
            0.24682496113768784,
            0.2933170704174135
          ],
          "positive_frames": 47,
          "n_frames": 60
        },
        "w010": {
          "pt_range_nm": [
            0.03383859302314937,
            0.31417266939085153
          ],
          "ring_opening_range_nm": [
            0.3055873486118774,
            0.3992199507562518
          ],
          "positive_frames": 60,
          "n_frames": 60
        }
      }
    },
    "rep02": {
      "n_frames": 660,
      "positive_proton_transfer_frames": 248,
      "best_ts_like_frame": {
        "window_id": "w007",
        "frame": 28,
        "proton_transfer_rc_nm": 0.03557325007519288,
        "ring_opening_rc_nm": 0.18662749589516348,
        "distance_to_qm_ts_nm": 0.03158819031645084,
        "w1": 0.25989191162030467,
        "w2": 0.7401080883796953,
        "delta_e_shifted_kj_mol": 54335.27219076647
      },
      "windows": {
        "w000": {
          "pt_range_nm": [
            -0.24454220936557836,
            -0.11838152297831903
          ],
          "ring_opening_range_nm": [
            0.14168869047567537,
            0.15412386518384227
          ],
          "positive_frames": 0,
          "n_frames": 60
        },
        "w001": {
          "pt_range_nm": [
            -0.15533980987167212,
            -0.03196001387510683
          ],
          "ring_opening_range_nm": [
            0.16134384725621548,
            0.26372071444081563
          ],
          "positive_frames": 0,
          "n_frames": 60
        },
        "w002": {
          "pt_range_nm": [
            -0.0790401339679354,
            -0.03741348301177516
          ],
          "ring_opening_range_nm": [
            0.18420070790878196,
            0.21705765475333705
          ],
          "positive_frames": 0,
          "n_frames": 60
        },
        "w003": {
          "pt_range_nm": [
            -0.052406652754186725,
            -0.0436954089986184
          ],
          "ring_opening_range_nm": [
            0.19302113398742254,
            0.22500213840679592
          ],
          "positive_frames": 0,
          "n_frames": 60
        },
        "w004": {
          "pt_range_nm": [
            -0.0472561101120309,
            -0.032030549827635146
          ],
          "ring_opening_range_nm": [
            0.20602966924722813,
            0.2160663591984851
          ],
          "positive_frames": 0,
          "n_frames": 60
        },
        "w005": {
          "pt_range_nm": [
            -0.26679767719375,
            0.3020143267263413
          ],
          "ring_opening_range_nm": [
            0.17285653012759386,
            0.38410757909672927
          ],
          "positive_frames": 28,
          "n_frames": 60
        },
        "w006": {
          "pt_range_nm": [
            -0.16960022724038856,
            0.2916038586470144
          ],
          "ring_opening_range_nm": [
            0.17778820882383248,
            0.33399418662147545
          ],
          "positive_frames": 31,
          "n_frames": 60
        },
        "w007": {
          "pt_range_nm": [
            -0.06735060186937283,
            0.1267911627430875
          ],
          "ring_opening_range_nm": [
            0.18662749589516348,
            0.3262078546184965
          ],
          "positive_frames": 39,
          "n_frames": 60
        },
        "w008": {
          "pt_range_nm": [
            -0.04614420765652247,
            0.056742167428760176
          ],
          "ring_opening_range_nm": [
            0.21954807879473434,
            0.27889251001134574
          ],
          "positive_frames": 37,
          "n_frames": 60
        },
        "w009": {
          "pt_range_nm": [
            -0.013300950613514856,
            0.06547755557166551
          ],
          "ring_opening_range_nm": [
            0.23756693315362779,
            0.3021083623272354
          ],
          "positive_frames": 53,
          "n_frames": 60
        },
        "w010": {
          "pt_range_nm": [
            0.05341388092178598,
            0.3454995210494538
          ],
          "ring_opening_range_nm": [
            0.30028885250030324,
            0.38663960605215714
          ],
          "positive_frames": 60,
          "n_frames": 60
        }
      }
    },
    "rep03": {
      "n_frames": 660,
      "positive_proton_transfer_frames": 256,
      "best_ts_like_frame": {
        "window_id": "w006",