{
  "window_id": "w002",
  "lambda_value": 0.2,
  "n_frames": 60,
  "final_step": 3200,
  "final_time_ps": 0.16,
  "proton_transfer_rc_min_nm": -0.08490018171927345,
  "proton_transfer_rc_max_nm": -0.03259289436577947,
  "proton_transfer_positive_frames": 0,
  "reaction_coordinate_ranges_nm": {
    "proton_transfer_rc": [
      -0.08490018171927345,
      -0.03259289436577947
    ],
    "ring_opening_rc": [
      0.17947190088314557,
      0.22448821601153635
    ]
  },
  "output_dir": "outputs/kemp_qm_openmm_mapping_replicates/rep03/windows/w002"
}