{
  "window_id": "w010",
  "lambda_value": 1.0,
  "n_frames": 60,
  "final_step": 3200,
  "final_time_ps": 0.16,
  "proton_transfer_rc_min_nm": 0.05341388092178598,
  "proton_transfer_rc_max_nm": 0.3454995210494538,
  "proton_transfer_positive_frames": 60,
  "reaction_coordinate_ranges_nm": {
    "proton_transfer_rc": [
      0.05341388092178598,
      0.3454995210494538
    ],
    "ring_opening_rc": [
      0.30028885250030324,
      0.38663960605215714
    ]
  },
  "output_dir": "outputs/kemp_qm_openmm_mapping_replicates/rep02/windows/w010"
}