{
  "window_id": "p000",
  "rc_center_nm": 0.004,
  "force_constant_kj_mol_nm2": 25000.0,
  "n_frames": 40,
  "final_step": 5000,
  "final_time_ps": 0.5,
  "proton_transfer_rc_min_nm": 0.0617923576541647,
  "proton_transfer_rc_max_nm": 0.08288515471536252,
  "proton_transfer_positive_frames": 40,
  "reaction_coordinate_ranges_nm": {
    "proton_transfer_rc": [
      0.0617923576541647,
      0.08288515471536252
    ],
    "ring_opening_rc": [
      0.3397352610647599,
      0.36932643219904937
    ]
  },
  "output_dir": "outputs/kemp_qm_ts_seeded_pt_bidirectional/branches/reverse/windows/p000"
}