{
  "window_id": "w010",
  "lambda_value": 1.0,
  "n_frames": 60,
  "final_step": 3200,
  "final_time_ps": 0.16,
  "proton_transfer_rc_min_nm": 0.05348852780256472,
  "proton_transfer_rc_max_nm": 0.3055376237536809,
  "proton_transfer_positive_frames": 60,
  "reaction_coordinate_ranges_nm": {
    "proton_transfer_rc": [
      0.05348852780256472,
      0.3055376237536809
    ],
    "ring_opening_rc": [
      0.2980311974902352,
      0.42546875160806474
    ]
  },
  "output_dir": "outputs/kemp_qm_openmm_mapping_replicates/rep03/windows/w010"
}