{
  "window_id": "w001",
  "lambda_value": 0.1,
  "n_frames": 60,
  "final_step": 3200,
  "final_time_ps": 0.16,
  "proton_transfer_rc_min_nm": -0.1229681358178711,
  "proton_transfer_rc_max_nm": -0.030977114214056606,
  "proton_transfer_positive_frames": 0,
  "reaction_coordinate_ranges_nm": {
    "proton_transfer_rc": [
      -0.1229681358178711,
      -0.030977114214056606
    ],
    "ring_opening_rc": [
      0.16195301063916784,
      0.2718949560354769
    ]
  },
  "output_dir": "outputs/kemp_qm_openmm_mapping_replicates/rep01/windows/w001"
}