{
  "window_id": "w003",
  "lambda_value": 0.3,
  "n_frames": 60,
  "final_step": 3200,
  "final_time_ps": 0.16,
  "proton_transfer_rc_min_nm": -0.052406652754186725,
  "proton_transfer_rc_max_nm": -0.0436954089986184,
  "proton_transfer_positive_frames": 0,
  "reaction_coordinate_ranges_nm": {
    "proton_transfer_rc": [
      -0.052406652754186725,
      -0.0436954089986184
    ],
    "ring_opening_rc": [
      0.19302113398742254,
      0.22500213840679592
    ]
  },
  "output_dir": "outputs/kemp_qm_openmm_mapping_replicates/rep02/windows/w003"
}