{
  "reactant_gap_kj_mol": -41875.0,
  "reactant_free_energy_kj_mol": 0.0,
  "product_gap_kj_mol": -23375.0,
  "product_free_energy_kj_mol": 4.626113263300008,
  "ts_gap_kj_mol": -23625.0,
  "ts_free_energy_kj_mol": 4.855880282354329,
  "barrier_forward_kj_mol": 4.855880282354329,
  "reaction_free_energy_kj_mol": 4.626113263300008
}