{
  "window_id": "w000",
  "lambda_value": 0.0,
  "n_frames": 60,
  "final_step": 3200,
  "final_time_ps": 0.16,
  "proton_transfer_rc_min_nm": -0.18391563910887693,
  "proton_transfer_rc_max_nm": -0.11001854867038699,
  "proton_transfer_positive_frames": 0,
  "reaction_coordinate_ranges_nm": {
    "proton_transfer_rc": [
      -0.18391563910887693,
      -0.11001854867038699
    ],
    "ring_opening_rc": [
      0.14071614411322478,
      0.15110676284139432
    ]
  },
  "output_dir": "outputs/kemp_qm_openmm_mapping_replicates/rep03/windows/w000"
}