{
  "window_id": "w008",
  "lambda_value": 0.8,
  "n_frames": 20,
  "final_step": 1100,
  "final_time_ps": 0.055,
  "proton_transfer_rc_min_nm": -0.058815287233549035,
  "proton_transfer_rc_max_nm": 0.2505989731348458,
  "proton_transfer_positive_frames": 19,
  "reaction_coordinate_ranges_nm": {
    "proton_transfer_rc": [
      -0.058815287233549035,
      0.2505989731348458
    ],
    "ring_opening_rc": [
      0.21032113254391738,
      0.325861205742586
    ]
  },
  "output_dir": "outputs/kemp_qm_openmm_mapping_calibrated/windows/w008"
}