{
  "reactant_gap_kj_mol": -29625.0,
  "reactant_free_energy_kj_mol": 0.0,
  "product_gap_kj_mol": -23875.0,
  "product_free_energy_kj_mol": 1.907706436590848,
  "ts_gap_kj_mol": -24375.0,
  "ts_free_energy_kj_mol": 2.9245224691866323,
  "barrier_forward_kj_mol": 2.9245224691866323,
  "reaction_free_energy_kj_mol": 1.907706436590848
}