{
  "window_id": "w002",
  "lambda_value": 0.2,
  "n_frames": 60,
  "final_step": 3200,
  "final_time_ps": 0.16,
  "proton_transfer_rc_min_nm": -0.0965431333819461,
  "proton_transfer_rc_max_nm": -0.021492022646848602,
  "proton_transfer_positive_frames": 0,
  "reaction_coordinate_ranges_nm": {
    "proton_transfer_rc": [
      -0.0965431333819461,
      -0.021492022646848602
    ],
    "ring_opening_rc": [
      0.17872627270970515,
      0.2303069844811537
    ]
  },
  "output_dir": "outputs/kemp_qm_openmm_mapping_replicates/rep01/windows/w002"
}