{
  "window_id": "p004",
  "rc_center_nm": 0.052,
  "force_constant_kj_mol_nm2": 25000.0,
  "n_frames": 40,
  "final_step": 5000,
  "final_time_ps": 0.5,
  "proton_transfer_rc_min_nm": 0.0777697856124843,
  "proton_transfer_rc_max_nm": 0.10123365486820997,
  "proton_transfer_positive_frames": 40,
  "reaction_coordinate_ranges_nm": {
    "proton_transfer_rc": [
      0.0777697856124843,
      0.10123365486820997
    ],
    "ring_opening_rc": [
      0.3339433780861662,
      0.35952333060261454
    ]
  },
  "output_dir": "outputs/kemp_qm_ts_seeded_pt_bidirectional/branches/reverse/windows/p004"
}