{
  "window_id": "p008",
  "rc_center_nm": 0.1,
  "force_constant_kj_mol_nm2": 25000.0,
  "n_frames": 40,
  "final_step": 5000,
  "final_time_ps": 0.5,
  "proton_transfer_rc_min_nm": -0.07491535724224209,
  "proton_transfer_rc_max_nm": -0.06515453148447778,
  "proton_transfer_positive_frames": 0,
  "reaction_coordinate_ranges_nm": {
    "proton_transfer_rc": [
      -0.07491535724224209,
      -0.06515453148447778
    ],
    "ring_opening_rc": [
      0.14091376402651098,
      0.15436493470789703
    ]
  },
  "output_dir": "outputs/kemp_qm_ts_seeded_pt_bidirectional/branches/forward/windows/p008"
}