{
  "reactant_gap_kj_mol": -31833.333333333336,
  "reactant_free_energy_kj_mol": 0.0,
  "product_gap_kj_mol": -21500.0,
  "product_free_energy_kj_mol": 3.5495704365892777,
  "ts_gap_kj_mol": -21833.333333333336,
  "ts_free_energy_kj_mol": 4.666555509941093,
  "barrier_forward_kj_mol": 4.666555509941093,
  "reaction_free_energy_kj_mol": 3.5495704365892777
}