{
  "window_id": "w006",
  "lambda_value": 0.6,
  "n_frames": 20,
  "final_step": 1100,
  "final_time_ps": 0.055,
  "proton_transfer_rc_min_nm": -0.11170432631631505,
  "proton_transfer_rc_max_nm": 0.2275868455545225,
  "proton_transfer_positive_frames": 13,
  "reaction_coordinate_ranges_nm": {
    "proton_transfer_rc": [
      -0.11170432631631505,
      0.2275868455545225
    ],
    "ring_opening_rc": [
      0.20005996258603587,
      0.29639508114821433
    ]
  },
  "output_dir": "outputs/kemp_qm_openmm_mapping_calibrated_cuda/windows/w006"
}