{
  "window_id": "p001",
  "rc_center_nm": 0.016,
  "force_constant_kj_mol_nm2": 25000.0,
  "n_frames": 40,
  "final_step": 5000,
  "final_time_ps": 0.5,
  "proton_transfer_rc_min_nm": -0.0898059074560775,
  "proton_transfer_rc_max_nm": -0.0800678493757268,
  "proton_transfer_positive_frames": 0,
  "reaction_coordinate_ranges_nm": {
    "proton_transfer_rc": [
      -0.0898059074560775,
      -0.0800678493757268
    ],
    "ring_opening_rc": [
      0.1381248108002705,
      0.15474732266007055
    ]
  },
  "output_dir": "outputs/kemp_qm_ts_seeded_pt_bidirectional/branches/forward/windows/p001"
}