{
  "window_id": "w004",
  "lambda_value": 0.4,
  "n_frames": 60,
  "final_step": 3200,
  "final_time_ps": 0.16,
  "proton_transfer_rc_min_nm": -0.0472561101120309,
  "proton_transfer_rc_max_nm": -0.032030549827635146,
  "proton_transfer_positive_frames": 0,
  "reaction_coordinate_ranges_nm": {
    "proton_transfer_rc": [
      -0.0472561101120309,
      -0.032030549827635146
    ],
    "ring_opening_rc": [
      0.20602966924722813,
      0.2160663591984851
    ]
  },
  "output_dir": "outputs/kemp_qm_openmm_mapping_replicates/rep02/windows/w004"
}