{
  "window_id": "w000",
  "lambda_value": 0.0,
  "n_frames": 60,
  "final_step": 3200,
  "final_time_ps": 0.16,
  "proton_transfer_rc_min_nm": -0.23780243494039283,
  "proton_transfer_rc_max_nm": -0.1177842093010821,
  "proton_transfer_positive_frames": 0,
  "reaction_coordinate_ranges_nm": {
    "proton_transfer_rc": [
      -0.23780243494039283,
      -0.1177842093010821
    ],
    "ring_opening_rc": [
      0.14370424575875282,
      0.15219413665996
    ]
  },
  "output_dir": "outputs/kemp_qm_openmm_mapping_replicates/rep01/windows/w000"
}