{
  "window_id": "w008",
  "lambda_value": 0.8,
  "n_frames": 60,
  "final_step": 3200,
  "final_time_ps": 0.16,
  "proton_transfer_rc_min_nm": -0.02208404494820096,
  "proton_transfer_rc_max_nm": 0.034738504782803103,
  "proton_transfer_positive_frames": 38,
  "reaction_coordinate_ranges_nm": {
    "proton_transfer_rc": [
      -0.02208404494820096,
      0.034738504782803103
    ],
    "ring_opening_rc": [
      0.21208244319074956,
      0.2899800502920768
    ]
  },
  "output_dir": "outputs/kemp_qm_openmm_mapping_replicates/rep03/windows/w008"
}