{
  "window_id": "p008",
  "rc_center_nm": 0.1,
  "force_constant_kj_mol_nm2": 25000.0,
  "n_frames": 40,
  "final_step": 5000,
  "final_time_ps": 0.5,
  "proton_transfer_rc_min_nm": 0.10667482027912,
  "proton_transfer_rc_max_nm": 0.13127703877919386,
  "proton_transfer_positive_frames": 40,
  "reaction_coordinate_ranges_nm": {
    "proton_transfer_rc": [
      0.10667482027912,
      0.13127703877919386
    ],
    "ring_opening_rc": [
      0.346172880046488,
      0.3707144112038598
    ]
  },
  "output_dir": "outputs/kemp_qm_ts_seeded_pt_bidirectional/branches/reverse/windows/p008"
}