{
  "window_id": "u005",
  "gap_center_kj_mol": 100000.0,
  "force_constant_kj_mol2": 1e-09,
  "n_frames": 10,
  "final_step": 1200,
  "final_time_ps": 0.12,
  "proton_transfer_rc_min_nm": 0.19342923470107448,
  "proton_transfer_rc_max_nm": 0.20893058186857272,
  "proton_transfer_positive_frames": 10,
  "reaction_coordinate_ranges_nm": {
    "proton_transfer_rc": [
      0.19342923470107448,
      0.20893058186857272
    ],
    "ring_opening_rc": [
      0.3516287993384469,
      0.35575557880481856
    ]
  },
  "output_dir": "outputs/delta_alpha_gap_native_scan/delta_alpha_p125000/windows/u005"
}