{
  "window_id": "w009",
  "lambda_value": 0.9,
  "n_frames": 20,
  "final_step": 1100,
  "final_time_ps": 0.055,
  "proton_transfer_rc_min_nm": -0.03334011017786753,
  "proton_transfer_rc_max_nm": 0.17521140188974324,
  "proton_transfer_positive_frames": 17,
  "reaction_coordinate_ranges_nm": {
    "proton_transfer_rc": [
      -0.03334011017786753,
      0.17521140188974324
    ],
    "ring_opening_rc": [
      0.2391499413116809,
      0.31601975199009646
    ]
  },
  "output_dir": "outputs/kemp_qm_openmm_mapping_calibrated/windows/w009"
}