{
  "reactant_gap_kj_mol": -34166.66666666667,
  "reactant_free_energy_kj_mol": 0.0,
  "product_gap_kj_mol": -21500.0,
  "product_free_energy_kj_mol": 6.7062437503531385,
  "ts_gap_kj_mol": -21833.333333333336,
  "ts_free_energy_kj_mol": 6.862607911304366,
  "barrier_forward_kj_mol": 6.862607911304366,
  "reaction_free_energy_kj_mol": 6.7062437503531385
}