{
  "window_id": "p006",
  "rc_center_nm": 0.076,
  "force_constant_kj_mol_nm2": 25000.0,
  "n_frames": 40,
  "final_step": 5000,
  "final_time_ps": 0.5,
  "proton_transfer_rc_min_nm": -0.07766535574846696,
  "proton_transfer_rc_max_nm": -0.06868577023704042,
  "proton_transfer_positive_frames": 0,
  "reaction_coordinate_ranges_nm": {
    "proton_transfer_rc": [
      -0.07766535574846696,
      -0.06868577023704042
    ],
    "ring_opening_rc": [
      0.1418949033874148,
      0.1536867001080518
    ]
  },
  "output_dir": "outputs/kemp_qm_ts_seeded_pt_bidirectional/branches/forward/windows/p006"
}