{
  "window_id": "u007",
  "gap_center_kj_mol": 250000.0,
  "force_constant_kj_mol2": 1e-09,
  "n_frames": 10,
  "final_step": 1200,
  "final_time_ps": 0.12,
  "proton_transfer_rc_min_nm": 0.19038066064956222,
  "proton_transfer_rc_max_nm": 0.20702917003425278,
  "proton_transfer_positive_frames": 10,
  "reaction_coordinate_ranges_nm": {
    "proton_transfer_rc": [
      0.19038066064956222,
      0.20702917003425278
    ],
    "ring_opening_rc": [
      0.3500600742402128,
      0.3581156141660288
    ]
  },
  "output_dir": "outputs/delta_alpha_gap_native_scan/delta_alpha_p0/windows/u007"
}